<?xml version="1.0" encoding="UTF-8"?>
<beans xmlns="http://www.springframework.org/schema/beans"
       xmlns:xsi="http://www.w3.org/2001/XMLSchema-instance"
       xmlns:context="http://www.springframework.org/schema/context"
       xsi:schemaLocation="http://www.springframework.org/schema/beans 
       http://www.springframework.org/schema/beans/spring-beans.xsd
       http://www.springframework.org/schema/context
	   http://www.springframework.org/schema/context/spring-context-4.0.xsd">
     
		
	<bean id="mqResources" class="java.util.ArrayList">  
        <constructor-arg>  
        <list>  
            <value>classpath:config/mq_producer.properties</value>  
        </list>  
        </constructor-arg>  
    </bean> 
    
    <bean id="mqPropertyConfigurer" class="org.springframework.beans.factory.config.PropertyPlaceholderConfigurer">  
        <property name="order" value="1" />  
        <property name="ignoreUnresolvablePlaceholders" value="true" />   
        <property name="locations" ref="mqResources" />  
    </bean>   	
        
    <bean id="producer" class="com.aliyun.openservices.ons.api.bean.ProducerBean" init-method="start" destroy-method="shutdown">
        <property name="properties" > <!--生产者配置信息-->
            <props>
                <prop key="ProducerId">${mq.producerId}</prop> <!--请替换XXX-->
                <prop key="AccessKey">${mq.accessKey}</prop>
                <prop key="SecretKey">${mq.secretKey}</prop>
            </props>
        </property>
    </bean>
</beans>