<?xml version="1.0" encoding="UTF-8" ?>
<!DOCTYPE configuration PUBLIC "-//mybatis.org//DTD Config 3.0//EN" "http://mybatis.org/dtd/mybatis-3-config.dtd" >
<configuration>
    <settings>
        <!-- 全局映射器启用缓存 -->
        <setting name="cacheEnabled" value="false"/>
        <!-- 查询时，关闭关联对象即时加载以提高性能 -->
        <setting name="lazyLoadingEnabled" value="false"/>
        <!-- 设置关联对象加载的形态，此处为按需加载字段(加载字段由SQL指 定)，不会加载关联表的所有字段，以提高性能 -->
        <setting name="aggressiveLazyLoading" value="false"/>
        <!-- 对于未知的SQL查询，允许返回不同的结果集以达到通用的效果 -->
        <setting name="multipleResultSetsEnabled" value="true"/>
        <!-- 允许使用列标签代替列名 -->
        <setting name="useColumnLabel" value="true"/>
        <!-- 允许使用自定义的主键值(比如由程序生成的UUID 32位编码作为键值)，数据表的PK生成策略将被覆盖 -->
        <setting name="useGeneratedKeys" value="true"/>
        <!-- 给予被嵌套的resultMap以字段-属性的映射支持 -->
        <setting name="autoMappingBehavior" value="FULL"/>
        <!-- 对于批量更新操作缓存SQL以提高性能 -->
        <setting name="defaultExecutorType" value="SIMPLE"/>
        <!-- 数据库超过25000秒仍未响应则超时 -->
        <setting name="defaultStatementTimeout" value="25000"/>
    </settings>
    <!-- 全局别名设置，在映射文件中只需写别名，而不必写出整个类路径 别名声明写这里 -->
    <typeAliases>
    </typeAliases>
    <!-- 非注解的sql映射文件配置，如果使用mybatis注解，该mapper无需配置，但是如果mybatis注解中包含@resultMap注解，则mapper必须配置，给resultMap注解使用 -->
 
    <mappers>
       
        <mapper resource="sqlmap/couponInfoMapper.xml"/>
        <mapper resource="sqlmap/infoChannelDetailMapper.xml"/>
        <mapper resource="sqlmap/infoChannelMapper.xml"/>
        <mapper resource="sqlmap/infoConditionMapper.xml"/>
        <mapper resource="sqlmap/infoOperatorMapper.xml"/>
        <mapper resource="sqlmap/infoScopeMapper.xml"/>
        <mapper resource="sqlmap/infoUserSourceMapper.xml"/>
        <mapper resource="sqlmap/scopeMapper.xml"/>
        <mapper resource="sqlmap/userBagLogMapper.xml"/>
        <mapper resource="sqlmap/userBagMapper.xml"/>
        <mapper resource="sqlmap/userBagOrderMapper.xml"/>
        <mapper resource="sqlmap/userMapper.xml"/>
        <mapper resource="sqlmap/jphUserMapper.xml"/>
        <mapper resource="sqlmap/infoUserSourceDetailMapper.xml"/>
        <mapper resource="sqlmap/infoUserSourceLevelMapper.xml"/>
        <mapper resource="sqlmap/sendRecordMapper.xml"/>
        <mapper resource="sqlmap/infoCodeMapper.xml"/>
        <mapper resource="sqlmap/infoCodePlanMapper.xml"/>
        <mapper resource="sqlmap/couponPackageMapper.xml"/>
        <mapper resource="sqlmap/couponPackageInfoMapper.xml"/>
        <mapper resource="sqlmap/couponWordMapper.xml"/>
        <mapper resource="sqlmap/couponActivityMapper.xml"/>
        <mapper resource="sqlmap/couponShopInfoMapper.xml"/>
        <mapper resource="sqlmap/userShareMapper.xml"/>
        <mapper resource="sqlmap/couponConvertPlanMapper.xml"/>
        <mapper resource="sqlmap/couponConvertCodeMapper.xml"/>
        <mapper resource="sqlmap/productSortRelationMapper.xml"/>
        <mapper resource="sqlmap/productSortMapper.xml"/>
        <mapper resource="sqlmap/mnsMsgMapper.xml"/>
        <mapper resource="sqlmap/couponConvertUserMapper.xml"/>
     	<mapper resource="sqlmap/productSortLogMapper.xml"/>
     	<mapper resource="sqlmap/logoMapper.xml"/>
     	<mapper resource="sqlmap/productLogMapper.xml"/>
     	<mapper resource="sqlmap/productMapper.xml"/>
     	<mapper resource="sqlmap/infoCodeTestMapper.xml"/>
     	<mapper resource="sqlmap/infoCodeMsgTagMapper.xml"/>
     	
    </mappers>
</configuration>