<assembly xmlns="http://maven.apache.org/plugins/maven-assembly-plugin/assembly/1.1.2"
    xmlns:xsi="http://www.w3.org/2001/XMLSchema-instance"    
    xsi:schemaLocation="http://maven.apache.org/plugins/maven-assembly-plugin/assembly/1.1.2 
    http://maven.apache.org/xsd/assembly-1.1.2.xsd">
    <includeBaseDirectory>false</includeBaseDirectory>
    <formats>
        <format>dir</format>
        <format>zip</format>
    </formats>
    <fileSets>
        <fileSet>
            <includes>
                <include>resources/*</include>
            </includes>
        </fileSet>

        <fileSet>
            <directory>src/main/bin</directory>
            <outputDirectory>/</outputDirectory>
            <fileMode>0755</fileMode>
            <includes>
            </includes>
        </fileSet>
    </fileSets>

    <dependencySets>
        <dependencySet>
            <scope>runtime</scope>
            <outputDirectory>lib</outputDirectory>
        </dependencySet>
    </dependencySets>
</assembly>