<?xml version="1.0" encoding="UTF-8"?>
<!-- scan: 当此属性设置为true时，配置文件如果发生改变，将会被重新加载，默认值为true。 scanPeriod: 设置监测配置文件是否有修改的时间间隔，如果没有给出时间单位，默认单位是毫秒。当scan为true时，此属性生效。默认的时间间隔为1分钟。
	debug: 当此属性设置为true时，将打印出logback内部日志信息，实时查看logback运行状态。默认值为false。 -->
<configuration scan="true" scanPeriod="60 seconds" debug="true">
    <!-- 定义属性，可以使“${}”来使用变量 -->
    <property name="APP_Name" value="edusky-promotion-service"/>

    <!-- 获取时间戳字符串 -->
    <timestamp key="bySecond" datePattern="yyyyMMdd'T'HHmmss"/>

    <!-- 每个logger都关联到logger上下文，默认上下文名称为“default”。 -->
    <!-- 但可以使用该标签设置成其他名字，用于区分不同应用程序的记录。一旦设置，不能修改。 -->
    <contextName>${APP_Name}</contextName>

    <!-- ch.qos.logback.core.ConsoleAppender 控制台输出 -->
    <appender name="STDOUT" class="ch.qos.logback.core.ConsoleAppender">
        <encoder>
            <pattern>[%d{yyyy/MM/dd/HH:mm:ss.SSS}]-[%-5level]-[%thread]-%logger{36}-%msg%n
            </pattern>
        </encoder>
    </appender>

    <!-- 日志输出到文件-滚动，多个文件 -->
    <appender name="file" class="ch.qos.logback.core.rolling.RollingFileAppender">
        <File>logs/${APP_Name}-log.log</File>
        <rollingPolicy class="ch.qos.logback.core.rolling.TimeBasedRollingPolicy">
            <fileNamePattern>logs/${APP_Name}-%d{yyyy-MM-dd}.%i.log</fileNamePattern>
            <timeBasedFileNamingAndTriggeringPolicy class="ch.qos.logback.core.rolling.SizeAndTimeBasedFNATP">
                <maxFileSize>50MB</maxFileSize>
            </timeBasedFileNamingAndTriggeringPolicy>
            <maxHistory>7</maxHistory>
        </rollingPolicy>
        <layout class="ch.qos.logback.classic.PatternLayout">
            <Pattern>%d{yyyy-MM-dd HH:mm:ss.SSS} [%thread] %-5level %logger{36} -%msg%n</Pattern>
        </layout>
    </appender>

    <logger name="org.apache.ibatis" level="INFO">
        <appender-ref ref="STDOUT"/>
    </logger>

    <logger name="java.sql" level="debug">
        <appender-ref ref="STDOUT"/>
    </logger>


    <!-- 日志级别 -->
    <root level="debug">
        <appender-ref ref="STDOUT"/>
        <appender-ref ref="file"/>
    </root>
</configuration>