<?xml version="1.0" encoding="UTF-8"?>
<!DOCTYPE configuration PUBLIC "-//mybatis.org//DTD Config 3.1//EN"
        "http://mybatis.org/dtd/mybatis-3-config.dtd">
<configuration>

    <settings>
        <!-- 这个配置使全局的映射器启用或禁用缓存 -->
        <setting name="cacheEnabled" value="true"/>
        <!-- 允许JDBC支持生成的键；这需要合适的驱动；
        如果设置为true，则这个设置强制生成的键被使用，尽管一些驱动拒绝兼窜但仍然有效-->
        <setting name="useGeneratedKeys" value="true"/>
        <!-- 配置默认的执行器，SIMPLE(默认)执行器没有什么特别之处；reuse执行器重用预处理语句；BATCH执行器重用语句的指更新-->
        <setting name="defaultExecutorType" value="REUSE"/>
        <!-- 全局启用或者禁用延时加载，当禁用时，所有关联对象都会即时加载 -->
        <setting name="lazyLoadingEnabled" value="false"/>
        <!-- 设置超时时间，它决定驱动等待一个数据库响应的时间-->
        <setting name="defaultStatementTimeout" value="25000"/>
        <!-- 默认false,当结果集中的值为null时是否调用映射对象的setter(或map.put)，注意基本类型 -->
        <setting name="callSettersOnNulls" value="true"/>
        <!-- 指定MyBatis所有日志的具体实现，未指定时将自动查找
         SLF4J/LOG4J/LOG4J2/JKD_LOGGING/COMMONS_LOGGING/STDOUT_LOGGING/NO_LOGGING-->
        <setting name="logImpl" value="STDOUT_LOGGING"/>
    </settings>


</configuration>