<?xml version="1.0" encoding="UTF-8"?>
<beans xmlns:xsi="http://www.w3.org/2001/XMLSchema-instance"
	xmlns="http://www.springframework.org/schema/beans" xmlns:context="http://www.springframework.org/schema/context"
	xmlns:tx="http://www.springframework.org/schema/tx"
	xsi:schemaLocation="http://www.springframework.org/schema/beans
					http://www.springframework.org/schema/beans/spring-beans-4.0.xsd
           			http://www.springframework.org/schema/context
					http://www.springframework.org/schema/context/spring-context-4.0.xsd
           			http://www.springframework.org/schema/tx
					http://www.springframework.org/schema/tx/spring-tx-4.0.xsd"
	default-lazy-init="true">		
	
			
    <context:component-scan base-package="com.cloudjet.coupon"/>

	<context:annotation-config />
	
	<!-- <context:property-placeholder ignore-unresolvable="true" /> -->
	
	<context:property-placeholder
		file-encoding="UTF-8" ignore-resource-not-found="true"
		location="classpath:jdbc.properties" />
	
		
	<tx:annotation-driven transaction-manager="transactionManager" />
	
	<!--使用tomcat jdbc pool,仅读写库需要使用事务 -->
	<bean id="transactionManager"
		class="org.springframework.jdbc.datasource.DataSourceTransactionManager">
		<property name="dataSource" ref="dataSource" />
	</bean>
	
	<bean id="sqlSessionFactory" class="org.mybatis.spring.SqlSessionFactoryBean">
		<property name="dataSource" ref="dataSource" />
		<property name="configLocation" value="classpath:conf/mybatis-config.xml" />
	</bean>
	
	<bean id="transactionTemplate"
		class="org.springframework.transaction.support.TransactionTemplate">
		<property name="transactionManager" ref="transactionManager" />
	</bean>

	<bean id="dataSource" class="org.apache.tomcat.jdbc.pool.DataSource"
		destroy-method="close">
		<property name="poolProperties">
			<bean class="org.apache.tomcat.jdbc.pool.PoolProperties">
				<property name="driverClassName" value="com.mysql.jdbc.Driver" />
				<property name="url" value="${com.cloudjet.coupon.datasource.url}" />
				<property name="username" value="${com.cloudjet.coupon.datasource.username}" />
				<property name="password" value="${com.cloudjet.coupon.datasource.password}" />
				<property name="jmxEnabled" value="false" />
				<property name="testWhileIdle" value="false" />
				<property name="initialSize" value="1" />
				<property name="maxActive" value="60" />
				<property name="maxIdle" value="30" />
				<property name="minIdle" value="15" />
				<property name="defaultAutoCommit" value="false" />
				<property name="maxWait" value="5000" />
				<property name="removeAbandoned" value="true" />
				<property name="removeAbandonedTimeout" value="60" />
				<property name="testOnBorrow" value="true" />
				<property name="testOnReturn" value="false" />
				<property name="validationQuery" value="SELECT 1" />
				<property name="validationInterval" value="60000" />
				<property name="validationQueryTimeout" value="3" />
				<property name="timeBetweenEvictionRunsMillis" value="300000" />
				<property name="minEvictableIdleTimeMillis" value="1800000" />
				<property name="jdbcInterceptors"
					value="org.apache.tomcat.jdbc.pool.interceptor.ConnectionState;org.apache.tomcat.jdbc.pool.interceptor.StatementFinalizer" />
			</bean>
		</property>
	</bean>
	
	<bean id="userMapper" class="org.mybatis.spring.mapper.MapperFactoryBean">
		<property name="sqlSessionFactory" ref="sqlSessionFactory" />
		<property name="mapperInterface" value="com.cloudjet.coupon.mapper.UserMapper" />
	</bean>
	
	<bean id="couponInfoMapper" class="org.mybatis.spring.mapper.MapperFactoryBean">
		<property name="sqlSessionFactory" ref="sqlSessionFactory" />
		<property name="mapperInterface" value="com.cloudjet.coupon.mapper.CouponInfoMapper" />
	</bean>
	<bean id="infoConditionMapper" class="org.mybatis.spring.mapper.MapperFactoryBean">
		<property name="sqlSessionFactory" ref="sqlSessionFactory" />
		<property name="mapperInterface" value="com.cloudjet.coupon.mapper.InfoConditionMapper" />
	</bean>
	<bean id="infoScopeMapper" class="org.mybatis.spring.mapper.MapperFactoryBean">
		<property name="sqlSessionFactory" ref="sqlSessionFactory" />
		<property name="mapperInterface" value="com.cloudjet.coupon.mapper.InfoScopeMapper" />
	</bean>
	<bean id="infoChannelMapper" class="org.mybatis.spring.mapper.MapperFactoryBean">
		<property name="sqlSessionFactory" ref="sqlSessionFactory" />
		<property name="mapperInterface" value="com.cloudjet.coupon.mapper.InfoChannelMapper" />
	</bean>
	<bean id="infoChannelDetailMapper" class="org.mybatis.spring.mapper.MapperFactoryBean">
		<property name="sqlSessionFactory" ref="sqlSessionFactory" />
		<property name="mapperInterface" value="com.cloudjet.coupon.mapper.InfoChannelDetailMapper" />
	</bean>
	<bean id="infoOperatorMapper" class="org.mybatis.spring.mapper.MapperFactoryBean">
		<property name="sqlSessionFactory" ref="sqlSessionFactory" />
		<property name="mapperInterface" value="com.cloudjet.coupon.mapper.InfoOperatorMapper" />
	</bean>
	
	<bean id="infoUserSourceMapper" class="org.mybatis.spring.mapper.MapperFactoryBean">
		<property name="sqlSessionFactory" ref="sqlSessionFactory" />
		<property name="mapperInterface" value="com.cloudjet.coupon.mapper.InfoUserSourceMapper" />
	</bean>
	<bean id="infoUserSourceDetailMapper" class="org.mybatis.spring.mapper.MapperFactoryBean">
		<property name="sqlSessionFactory" ref="sqlSessionFactory" />
		<property name="mapperInterface" value="com.cloudjet.coupon.mapper.InfoUserSourceDetailMapper" />
	</bean>
	<bean id="infoUserSourceLevelMapper" class="org.mybatis.spring.mapper.MapperFactoryBean">
		<property name="sqlSessionFactory" ref="sqlSessionFactory" />
		<property name="mapperInterface" value="com.cloudjet.coupon.mapper.InfoUserSourceLevelMapper" />
	</bean>
	<bean id="userBagMapper" class="org.mybatis.spring.mapper.MapperFactoryBean">
		<property name="sqlSessionFactory" ref="sqlSessionFactory" />
		<property name="mapperInterface" value="com.cloudjet.coupon.mapper.UserBagMapper" />
	</bean>
	<bean id="userBagLogMapper" class="org.mybatis.spring.mapper.MapperFactoryBean">
		<property name="sqlSessionFactory" ref="sqlSessionFactory" />
		<property name="mapperInterface" value="com.cloudjet.coupon.mapper.UserBagLogMapper" />
	</bean>
	<bean id="userBagOrderMapper" class="org.mybatis.spring.mapper.MapperFactoryBean">
		<property name="sqlSessionFactory" ref="sqlSessionFactory" />
		<property name="mapperInterface" value="com.cloudjet.coupon.mapper.UserBagOrderMapper" />
	</bean>
	<bean id="jphUserMapper" class="org.mybatis.spring.mapper.MapperFactoryBean">
		<property name="sqlSessionFactory" ref="sqlSessionFactory" />
		<property name="mapperInterface" value="com.cloudjet.coupon.mapper.JphUserMapper" />
	</bean>
	<bean id="sendRecordMapper" class="org.mybatis.spring.mapper.MapperFactoryBean">
		<property name="sqlSessionFactory" ref="sqlSessionFactory" />
		<property name="mapperInterface" value="com.cloudjet.coupon.mapper.SendRecordMapper" />
	</bean>
	<bean id="infoCodeMapper" class="org.mybatis.spring.mapper.MapperFactoryBean">
		<property name="sqlSessionFactory" ref="sqlSessionFactory" />
		<property name="mapperInterface" value="com.cloudjet.coupon.mapper.InfoCodeMapper" />
	</bean>
	<bean id="infoCodePlanMapper" class="org.mybatis.spring.mapper.MapperFactoryBean">
		<property name="sqlSessionFactory" ref="sqlSessionFactory" />
		<property name="mapperInterface" value="com.cloudjet.coupon.mapper.InfoCodePlanMapper" />
	</bean>
	<bean id="couponWordMapper" class="org.mybatis.spring.mapper.MapperFactoryBean">
		<property name="sqlSessionFactory" ref="sqlSessionFactory" />
		<property name="mapperInterface" value="com.cloudjet.coupon.mapper.CouponWordMapper" />
	</bean>
	<bean id="couponActivityMapper" class="org.mybatis.spring.mapper.MapperFactoryBean">
		<property name="sqlSessionFactory" ref="sqlSessionFactory" />
		<property name="mapperInterface" value="com.cloudjet.coupon.mapper.CouponActivityMapper" />
	</bean>	
	<bean id="couponShopInfoMapper" class="org.mybatis.spring.mapper.MapperFactoryBean">
		<property name="sqlSessionFactory" ref="sqlSessionFactory" />
		<property name="mapperInterface" value="com.cloudjet.coupon.mapper.CouponShopInfoMapper" />
	</bean>
	<bean id="couponPackageMapper" class="org.mybatis.spring.mapper.MapperFactoryBean">
		<property name="sqlSessionFactory" ref="sqlSessionFactory" />
		<property name="mapperInterface" value="com.cloudjet.coupon.mapper.CouponPackageMapper" />
	</bean>
	<bean id="couponPackageInfoMapper" class="org.mybatis.spring.mapper.MapperFactoryBean">
		<property name="sqlSessionFactory" ref="sqlSessionFactory" />
		<property name="mapperInterface" value="com.cloudjet.coupon.mapper.CouponPackageInfoMapper" />
	</bean>
	<bean id="userShareMapper" class="org.mybatis.spring.mapper.MapperFactoryBean">
		<property name="sqlSessionFactory" ref="sqlSessionFactory" />
		<property name="mapperInterface" value="com.cloudjet.coupon.mapper.UserShareMapper" />
	</bean>
	<bean id="couponConvertCodeMapper" class="org.mybatis.spring.mapper.MapperFactoryBean">
		<property name="sqlSessionFactory" ref="sqlSessionFactory" />
		<property name="mapperInterface" value="com.cloudjet.coupon.mapper.CouponConvertCodeMapper" />
	</bean>
	<bean id="couponConvertPlanMapper" class="org.mybatis.spring.mapper.MapperFactoryBean">
		<property name="sqlSessionFactory" ref="sqlSessionFactory" />
		<property name="mapperInterface" value="com.cloudjet.coupon.mapper.CouponConvertPlanMapper" />
	</bean>
	<bean id="productSortRelationMapper" class="org.mybatis.spring.mapper.MapperFactoryBean">
		<property name="sqlSessionFactory" ref="sqlSessionFactory" />
		<property name="mapperInterface" value="com.cloudjet.coupon.mapper.ProductSortRelationMapper" />
	</bean>
	<bean id="productSortMapper" class="org.mybatis.spring.mapper.MapperFactoryBean">
		<property name="sqlSessionFactory" ref="sqlSessionFactory" />
		<property name="mapperInterface" value="com.cloudjet.coupon.mapper.ProductSortMapper" />
	</bean>
	<bean id="mnsMsgMapper" class="org.mybatis.spring.mapper.MapperFactoryBean">
		<property name="sqlSessionFactory" ref="sqlSessionFactory" />
		<property name="mapperInterface" value="com.cloudjet.coupon.mapper.MNSMsgMapper" />
	</bean>
	<bean id="couponConvertUserMapper" class="org.mybatis.spring.mapper.MapperFactoryBean">
		<property name="sqlSessionFactory" ref="sqlSessionFactory" />
		<property name="mapperInterface" value="com.cloudjet.coupon.mapper.CouponConvertUserMapper" />
	</bean>
	<bean id="productSortLogMapper" class="org.mybatis.spring.mapper.MapperFactoryBean">
		<property name="sqlSessionFactory" ref="sqlSessionFactory" />
		<property name="mapperInterface" value="com.cloudjet.coupon.mapper.ProductSortLogMapper" />
	</bean>
	<bean id="logoMapper" class="org.mybatis.spring.mapper.MapperFactoryBean">
		<property name="sqlSessionFactory" ref="sqlSessionFactory" />
		<property name="mapperInterface" value="com.cloudjet.coupon.mapper.LogoMapper" />
	</bean>
	<bean id="productMapper" class="org.mybatis.spring.mapper.MapperFactoryBean">
		<property name="sqlSessionFactory" ref="sqlSessionFactory" />
		<property name="mapperInterface" value="com.cloudjet.coupon.mapper.ProductMapper" />
	</bean>
	<bean id="productLogMapper" class="org.mybatis.spring.mapper.MapperFactoryBean">
		<property name="sqlSessionFactory" ref="sqlSessionFactory" />
		<property name="mapperInterface" value="com.cloudjet.coupon.mapper.ProductLogMapper" />
	</bean>
	<bean id="infoCodeTestMapper" class="org.mybatis.spring.mapper.MapperFactoryBean">
		<property name="sqlSessionFactory" ref="sqlSessionFactory" />
		<property name="mapperInterface" value="com.cloudjet.coupon.mapper.InfoCodeTestMapper" />
	</bean>
	<bean id="infoCodeMsgTagMapper" class="org.mybatis.spring.mapper.MapperFactoryBean">
		<property name="sqlSessionFactory" ref="sqlSessionFactory" />
		<property name="mapperInterface" value="com.cloudjet.coupon.mapper.InfoCodeMsgTagMapper" />
	</bean>
	
</beans>