<configuration debug="true">
    <property resource="config.properties"/>
    <appender name="ErrorFile" class="ch.qos.logback.core.rolling.RollingFileAppender">
        <file>${com.cloudjet.log.home}/web/error/error.log</file>
        <filter class="ch.qos.logback.classic.filter.LevelFilter">
            <level>ERROR</level>
            <onMatch>ACCEPT</onMatch>
            <onMismatch>DENY</onMismatch>
        </filter>
        <rollingPolicy class="ch.qos.logback.core.rolling.TimeBasedRollingPolicy">
            <FileNamePattern>${com.cloudjet.log.home}/web/error/error-%d{yyyy-MM-dd}-%i.log</FileNamePattern>
            <timeBasedFileNamingAndTriggeringPolicy
                    class="ch.qos.logback.core.rolling.SizeAndTimeBasedFNATP">
                <maxFileSize>20MB</maxFileSize>
            </timeBasedFileNamingAndTriggeringPolicy>
            <MaxHistory>10</MaxHistory>
        </rollingPolicy>
        <encoder class="ch.qos.logback.classic.encoder.PatternLayoutEncoder">
            <pattern>
                %d{yyyy-MM-dd HH:mm:ss.SSS} [%t]: x:\(%X\) %class %L %M - msg:%msg ex:%xEx%n
            </pattern>
        </encoder>
    </appender>
    <appender name="InfoFile" class="ch.qos.logback.core.rolling.RollingFileAppender">
        <file>${com.cloudjet.log.home}/web/info/info.log</file>
        <filter class="ch.qos.logback.classic.filter.LevelFilter">
            <level>INFO</level>
            <onMatch>ACCEPT</onMatch>
            <onMismatch>DENY</onMismatch>
        </filter>
        <rollingPolicy class="ch.qos.logback.core.rolling.TimeBasedRollingPolicy">
            <FileNamePattern>${com.cloudjet.log.home}/web/info/info-%d{yyyy-MM-dd}-%i.log</FileNamePattern>
            <timeBasedFileNamingAndTriggeringPolicy
                    class="ch.qos.logback.core.rolling.SizeAndTimeBasedFNATP">
                <maxFileSize>20MB</maxFileSize>
            </timeBasedFileNamingAndTriggeringPolicy>
            <MaxHistory>10</MaxHistory>
        </rollingPolicy>
        <encoder class="ch.qos.logback.classic.encoder.PatternLayoutEncoder">
            <pattern>
                %d{yyyy-MM-dd HH:mm:ss.SSS} [%t] %-5level: x:\(%X\) msg:%msg%n
            </pattern>
        </encoder>
    </appender>
    <appender name="WarnFile" class="ch.qos.logback.core.rolling.RollingFileAppender">
        <file>${com.cloudjet.log.home}/web/error/warn.log</file>
        <filter class="ch.qos.logback.classic.filter.LevelFilter">
            <level>WARN</level>
            <onMatch>ACCEPT</onMatch>
            <onMismatch>DENY</onMismatch>
        </filter>
        <rollingPolicy class="ch.qos.logback.core.rolling.TimeBasedRollingPolicy">
            <FileNamePattern>${com.cloudjet.log.home}/web/error/warn-%d{yyyy-MM-dd}-%i.log</FileNamePattern>
            <timeBasedFileNamingAndTriggeringPolicy
                    class="ch.qos.logback.core.rolling.SizeAndTimeBasedFNATP">
                <maxFileSize>20MB</maxFileSize>
            </timeBasedFileNamingAndTriggeringPolicy>
            <MaxHistory>10</MaxHistory>
        </rollingPolicy>
        <encoder class="ch.qos.logback.classic.encoder.PatternLayoutEncoder">
            <pattern>
                %d{yyyy-MM-dd HH:mm:ss.SSS} [%t]: x:\(%X\) %class %L %M - msg:%msg
            </pattern>
        </encoder>
    </appender>
    <appender name="DebugFile" class="ch.qos.logback.core.rolling.RollingFileAppender">
        <file>${com.cloudjet.log.home}/web/info/debug.log</file>
        <filter class="ch.qos.logback.classic.filter.LevelFilter">
            <level>DEBUG</level>
            <onMatch>ACCEPT</onMatch>
            <onMismatch>DENY</onMismatch>
        </filter>
        <rollingPolicy class="ch.qos.logback.core.rolling.TimeBasedRollingPolicy">
            <FileNamePattern>${com.cloudjet.log.home}/web/info/debug-%d{yyyy-MM-dd}-%i.log</FileNamePattern>
            <timeBasedFileNamingAndTriggeringPolicy
                    class="ch.qos.logback.core.rolling.SizeAndTimeBasedFNATP">
                <maxFileSize>20MB</maxFileSize>
            </timeBasedFileNamingAndTriggeringPolicy>
            <MaxHistory>10</MaxHistory>
        </rollingPolicy>
        <encoder class="ch.qos.logback.classic.encoder.PatternLayoutEncoder">
            <pattern>
                %d{yyyy-MM-dd HH:mm:ss.SSS} [%t] %-5level: x:\(%X\) msg:%msg%n
            </pattern>
        </encoder>
    </appender>
    <appender name="MiddlewareInfoFile" class="ch.qos.logback.core.rolling.RollingFileAppender">
        <file>${com.cloudjet.log.home}/web/info/middleware.log</file>
        <filter class="ch.qos.logback.classic.filter.LevelFilter">
            <level>ERROR</level>
            <onMatch>DENY</onMatch>
            <onMismatch>ACCEPT</onMismatch>
        </filter>
        <rollingPolicy class="ch.qos.logback.core.rolling.TimeBasedRollingPolicy">
            <FileNamePattern>${com.cloudjet.log.home}/web/info/middleware-%d{yyyy-MM-dd}-%i.log</FileNamePattern>
            <timeBasedFileNamingAndTriggeringPolicy
                    class="ch.qos.logback.core.rolling.SizeAndTimeBasedFNATP">
                <maxFileSize>20MB</maxFileSize>
            </timeBasedFileNamingAndTriggeringPolicy>
            <MaxHistory>10</MaxHistory>
        </rollingPolicy>
        <encoder class="ch.qos.logback.classic.encoder.PatternLayoutEncoder">
            <pattern>
                %d{yyyy-MM-dd HH:mm:ss.SSS} [%t] %-5level: x:\(%X\) msg:%msg%n
            </pattern>
        </encoder>
    </appender>
    <root level="DEBUG">
        <appender-ref ref="ErrorFile"/>
        <appender-ref ref="InfoFile"/>
        <appender-ref ref="WarnFile"/>
        <appender-ref ref="DebugFile"/>
    </root>
</configuration>