<?xml version="1.0" encoding="UTF-8"?>
<!DOCTYPE mapper PUBLIC "-//mybatis.org//DTD Mapper 3.0//EN" "http://mybatis.org/dtd/mybatis-3-mapper.dtd">
<mapper namespace="com.cloudjet.coupon.mapper.CouponPackageInfoMapper">
	 <insert id="add" parameterType="com.cloudjet.coupon.entity.CouponPackageInfoEntity">
	 	<selectKey keyProperty="id" resultType="String" order="BEFORE">  
       		 select  replace(uuid(),'-','')   from dual  
   		</selectKey>
	 	
		insert into cp_package_info
			(id, info_id, package_id, create_time, update_time)
		values 
			(#{id}, #{infoId}, #{packageId}, now(), now())
	   </insert>
	
	  <delete id="delete">
	  		delete from cp_package_info
	  		where package_id = #{packageId}
	  </delete>	

	  <select id="queryInfoDetail" resultType="com.cloudjet.coupon.entity.dto.CouponInfoDetailEntity">
		SELECT 
			ci.id 'cpId',ci.cp_name 'cpName',ci.pre_way 'preWay',ci.check_no 'checkNo',ci.channel_text 'channelText',
			ci.start_time 'startTime',ci.end_time 'endTime',ci.circulation 'circulation',
			ci.stock 'stock',ci.limit_num 'limitNum',ci.begin_time 'beginTime',ci.due_time 'dueTime',
			ci.type 'type',ci.status 'status',ci.user_source_type 'userSourceType',ci.cost_type 'costType',
			ci.is_code 'isCode',ci.is_bind_code 'isBindCode',ci.rule 'rule',ci.memo 'memo',
			ci.rich_text 'richText',ci.url 'url',ci.url_button 'urlButton',
			ci.create_time 'createTime',ci.update_time 'updateTime',
			cic.type 'conditionType',cic.start_fee 'startFee',cic.par 'par',cic.end_fee 'endFee'
		FROM cp_package_info cpi
		LEFT JOIN cp_info ci ON cpi.info_id = ci.id
		LEFT JOIN cp_info_condition cic ON ci.id = cic.info_id
		WHERE cpi.package_id = #{packageId}
	  </select>
</mapper>