<?xml version="1.0" encoding="UTF-8"?>
<!DOCTYPE mapper PUBLIC "-//mybatis.org//DTD Mapper 3.0//EN" "http://mybatis.org/dtd/mybatis-3-mapper.dtd">
<mapper namespace="com.cloudjet.coupon.mapper.CouponConvertPlanMapper">
	<insert id="save" parameterType="com.cloudjet.coupon.entity.CouponConvertPlanEntity">
		<selectKey keyProperty="id" resultType="String" order="BEFORE">
			select replace(uuid(),'-','') from dual
		</selectKey>

		insert into cp_convert_plan
		(id, count, type, create_time, update_time)
		values
		(#{id}, #{count}, type, now(), now())
	</insert>

	<select id="queryCodeList" parameterType="java.util.Map" resultType="com.cloudjet.coupon.entity.dto.CouponConvertListEntity">
		SELECT
			ccp.id,ccp.count,ccp.info_id 'infoId',ccp.create_time 'createTime',ccp.update_time 'updateTime',
			ci.cp_name 'cpName', ccp.type, cp.name 'packageName'
		FROM cp_convert_plan ccp
		LEFT JOIN cp_info ci ON ccp.info_id = ci.id
		LEFT JOIN cp_package cp ON ccp.info_id = cp.id
		ORDER BY ccp.create_time desc
		<if test="start !=null and limit !=null">
		LIMIT ${start},${limit}
		</if>
	</select>

	<select id="queryCodeListCount" resultType="int">
		SELECT count(1)
		FROM cp_convert_plan
	</select>

	<update id="updateInfoId">
		UPDATE cp_convert_plan 
		SET 
			<if test=" infoId !=null and infoId != ''">
				info_id=#{infoId},
				type = #{type},
			</if>
			<if test=" infoId ==null ">
				info_id=(NULL), 
				type = (NULL), 
			</if>
				 update_time = now()
		WHERE id = #{convertPlanId}
	</update>
		
	<delete id="delete">
		DELETE FROM cp_convert_plan
		WHERE id = #{convertPlanId}
	</delete>

	<select id="query" resultType="com.cloudjet.coupon.entity.CouponConvertPlanEntity">
		SELECT
			id, count, info_id 'infoId', type, create_time 'createTime',update_time 'updateTime'
		FROM cp_convert_plan
		WHERE id = #{convertPlanId}
	</select>	
	
	
</mapper>
