<?xml version="1.0" encoding="UTF-8"?>
<!DOCTYPE mapper PUBLIC "-//mybatis.org//DTD Mapper 3.0//EN" "http://mybatis.org/dtd/mybatis-3-mapper.dtd">
<mapper namespace="com.cloudjet.coupon.mapper.CouponShopInfoMapper">

	<insert id="add" parameterType="com.cloudjet.coupon.entity.CouponShopInfoEntity">

		<selectKey keyProperty="id" resultType="String" order="BEFORE">
			select replace(uuid(),'-','') from dual
		</selectKey>

		insert into cp_shop_info
		(id, shop_name, plat_code, info_id , create_time, update_time)
		values
		(#{id}, #{shopName},#{platCode},#{infoId},now(),now())
	</insert>

	<delete id="delete" parameterType="String">
		delete from cp_shop_info
		where info_id=#{cpId}
	</delete>
	
	<select id="selectPlatCodes" parameterType="String" resultType="String">
		select plat_code 
		from cp_shop_info
		where info_id=#{cpId}
	</select>
	
	<select id="select" parameterType="String" resultType="com.cloudjet.coupon.entity.CouponShopInfoEntity">
		select id,shop_name 'shopName',plat_code 'platCode',info_id 'infoId'
		from cp_shop_info
		where info_id=#{cpId}
	</select>

</mapper>