<?xml version="1.0" encoding="UTF-8"?>
<!DOCTYPE mapper PUBLIC "-//mybatis.org//DTD Mapper 3.0//EN" "http://mybatis.org/dtd/mybatis-3-mapper.dtd">
<mapper namespace="com.cloudjet.coupon.mapper.InfoChannelMapper">

	 <insert id="add" parameterType="com.cloudjet.coupon.entity.InfoChannelEntity">
	 	<selectKey keyProperty="id" resultType="String" order="BEFORE">  
       		 select  replace(uuid(),'-','')   from dual  
   		</selectKey>
	 	
		insert into cp_info_channel 
			(id, info_id, channel_no,channel_name, create_time, update_time)
		values 
			(#{id}, #{infoId},#{channelNo},#{channelName},now(),now())
	   </insert>
	   
	 <delete id="delete" parameterType="String">
		delete from cp_info_channel
		where info_id=#{cpId}
	</delete>
	
	<select id="queryList" resultType="com.cloudjet.coupon.entity.InfoChannelEntity">
		select id, info_id `infoId`, channel_no `channelNo`,
		channel_name `channelName`, create_time `createTime`, update_time `updateTime` 
		where info_id = #{infoId}
	</select>
	   
	   
</mapper>