<?xml version="1.0" encoding="UTF-8"?>
<!DOCTYPE mapper PUBLIC "-//mybatis.org//DTD Mapper 3.0//EN" "http://mybatis.org/dtd/mybatis-3-mapper.dtd">
<mapper namespace="com.cloudjet.coupon.mapper.LogoMapper">
	 <insert id="save" parameterType="com.cloudjet.coupon.entity.LogoEntity">
	 	
	 	<selectKey keyProperty="id" resultType="String" order="BEFORE">  
       		 select  replace(uuid(),'-','')   from dual  
   		</selectKey>
	 	
		insert into cp_logo
			(id, logo, type, info_id, create_time, update_time)
		values 
			(#{id}, #{logo}, #{type}, #{infoId}, now(), now())
	   </insert>
	   
	 <delete id="delete">
	 	delete from cp_logo
	 	where info_id = #{infoId}
	 </delete>
	 
	 <select id="select" resultType="com.cloudjet.coupon.entity.LogoEntity">
	 	select id, logo, type, info_id 'infoId', create_time 'createTime', update_time 'updateTime'
	 	from cp_logo
	 	where info_id = #{infoId}
	 </select>
</mapper>