<?xml version="1.0" encoding="UTF-8"?>
<!DOCTYPE mapper PUBLIC "-//mybatis.org//DTD Mapper 3.0//EN" "http://mybatis.org/dtd/mybatis-3-mapper.dtd">
<mapper namespace="com.edu.sky.promotion.po.dao.InventoryMapper">
  <resultMap id="BaseResultMap" type="com.edu.sky.promotion.po.entity.Inventory">
    <result column="id" jdbcType="BIGINT" property="id" />
    <result column="coupon_id" jdbcType="BIGINT" property="couponId" />
    <result column="total_amount" jdbcType="BIGINT" property="totalAmount" />
    <result column="used_count" jdbcType="BIGINT" property="usedCount" />
    <result column="bind_count" jdbcType="BIGINT" property="bindCount" />
    <result column="version" jdbcType="BIGINT" property="version" />
    <result column="create_time" jdbcType="TIMESTAMP" property="createTime" />
  </resultMap>
  <sql id="Example_Where_Clause">
    <where>
      <foreach collection="oredCriteria" item="criteria" separator="or">
        <if test="criteria.valid">
          <trim prefix="(" prefixOverrides="and" suffix=")">
            <foreach collection="criteria.criteria" item="criterion">
              <choose>
                <when test="criterion.noValue">
                  and ${criterion.condition}
                </when>
                <when test="criterion.singleValue">
                  and ${criterion.condition} #{criterion.value}
                </when>
                <when test="criterion.betweenValue">
                  and ${criterion.condition} #{criterion.value} and #{criterion.secondValue}
                </when>
                <when test="criterion.listValue">
                  and ${criterion.condition}
                  <foreach close=")" collection="criterion.value" item="listItem" open="(" separator=",">
                    #{listItem}
                  </foreach>
                </when>
              </choose>
            </foreach>
          </trim>
        </if>
      </foreach>
    </where>
  </sql>
  <sql id="Update_By_Example_Where_Clause">
    <where>
      <foreach collection="example.oredCriteria" item="criteria" separator="or">
        <if test="criteria.valid">
          <trim prefix="(" prefixOverrides="and" suffix=")">
            <foreach collection="criteria.criteria" item="criterion">
              <choose>
                <when test="criterion.noValue">
                  and ${criterion.condition}
                </when>
                <when test="criterion.singleValue">
                  and ${criterion.condition} #{criterion.value}
                </when>
                <when test="criterion.betweenValue">
                  and ${criterion.condition} #{criterion.value} and #{criterion.secondValue}
                </when>
                <when test="criterion.listValue">
                  and ${criterion.condition}
                  <foreach close=")" collection="criterion.value" item="listItem" open="(" separator=",">
                    #{listItem}
                  </foreach>
                </when>
              </choose>
            </foreach>
          </trim>
        </if>
      </foreach>
    </where>
  </sql>
  <sql id="Base_Column_List">
    id, coupon_id, total_amount, used_count, bind_count, version, create_time
  </sql>
  <select id="selectByExample" parameterType="com.edu.sky.promotion.po.example.InventoryExample" resultMap="BaseResultMap">
    select
    <if test="distinct">
      distinct
    </if>
    <include refid="Base_Column_List" />
    from t_inventory
    <if test="_parameter != null">
      <include refid="Example_Where_Clause" />
    </if>
    <if test="orderByClause != null">
      order by ${orderByClause}
    </if>
  </select>
    <resultMap id="JoinCouponMap" type="com.edu.sky.promotion.po.entity.Inventory" extends="BaseResultMap">
        <result column="couponName" property="couponName"/>
    </resultMap>
    <select id="selectByPage" parameterType="java.util.Map" resultMap="JoinCouponMap">
        select
        ty.id, ty.coupon_id, ty.total_amount, ty.used_count, ty.bind_count, ty.version, ty.create_time,tc.`name` AS couponName
        from t_inventory ty
        LEFT JOIN t_coupon tc ON tc.id = ty.coupon_id
        <if test="_parameter != null">
            <include refid="Update_By_Example_Where_Clause" />
        </if>
        <if test="example.orderByClause != null">
            order by ${example.orderByClause}
        </if>
        LIMIT #{limit} OFFSET #{offset}
    </select>
  <delete id="deleteByExample" parameterType="com.edu.sky.promotion.po.example.InventoryExample">
    delete from t_inventory
    <if test="_parameter != null">
      <include refid="Example_Where_Clause" />
    </if>
  </delete>
  <insert id="insert" parameterType="com.edu.sky.promotion.po.entity.Inventory">
    insert into t_inventory (id, coupon_id, total_amount, 
      used_count, bind_count, version, 
      create_time)
    values (#{id,jdbcType=BIGINT}, #{couponId,jdbcType=BIGINT}, #{totalAmount,jdbcType=BIGINT}, 
      #{usedCount,jdbcType=BIGINT}, #{bindCount,jdbcType=BIGINT}, #{version,jdbcType=BIGINT}, 
      #{createTime,jdbcType=TIMESTAMP})
  </insert>
  <insert id="insertSelective" parameterType="com.edu.sky.promotion.po.entity.Inventory">
    insert into t_inventory
    <trim prefix="(" suffix=")" suffixOverrides=",">
      <if test="id != null">
        id,
      </if>
      <if test="couponId != null">
        coupon_id,
      </if>
      <if test="totalAmount != null">
        total_amount,
      </if>
      <if test="usedCount != null">
        used_count,
      </if>
      <if test="bindCount != null">
        bind_count,
      </if>
      <if test="version != null">
        version,
      </if>
      <if test="createTime != null">
        create_time,
      </if>
    </trim>
    <trim prefix="values (" suffix=")" suffixOverrides=",">
      <if test="id != null">
        #{id,jdbcType=BIGINT},
      </if>
      <if test="couponId != null">
        #{couponId,jdbcType=BIGINT},
      </if>
      <if test="totalAmount != null">
        #{totalAmount,jdbcType=BIGINT},
      </if>
      <if test="usedCount != null">
        #{usedCount,jdbcType=BIGINT},
      </if>
      <if test="bindCount != null">
        #{bindCount,jdbcType=BIGINT},
      </if>
      <if test="version != null">
        #{version,jdbcType=BIGINT},
      </if>
      <if test="createTime != null">
        #{createTime,jdbcType=TIMESTAMP},
      </if>
    </trim>
  </insert>
  <select id="countByExample" parameterType="com.edu.sky.promotion.po.example.InventoryExample" resultType="java.lang.Long">
    select count(*) from t_inventory
    <if test="_parameter != null">
      <include refid="Example_Where_Clause" />
    </if>
  </select>
  <update id="updateByExampleSelective" parameterType="map">
    update t_inventory
    <set>
      <if test="record.id != null">
        id = #{record.id,jdbcType=BIGINT},
      </if>
      <if test="record.couponId != null">
        coupon_id = #{record.couponId,jdbcType=BIGINT},
      </if>
      <if test="record.totalAmount != null">
        total_amount = #{record.totalAmount,jdbcType=BIGINT},
      </if>
      <if test="record.usedCount != null">
        used_count = #{record.usedCount,jdbcType=BIGINT},
      </if>
      <if test="record.bindCount != null">
        bind_count = #{record.bindCount,jdbcType=BIGINT},
      </if>
      <if test="record.version != null">
        version = #{record.version,jdbcType=BIGINT},
      </if>
      <if test="record.createTime != null">
        create_time = #{record.createTime,jdbcType=TIMESTAMP},
      </if>
    </set>
    <if test="_parameter != null">
      <include refid="Update_By_Example_Where_Clause" />
    </if>
  </update>
  <update id="updateByExample" parameterType="map">
    update t_inventory
    set id = #{record.id,jdbcType=BIGINT},
      coupon_id = #{record.couponId,jdbcType=BIGINT},
      total_amount = #{record.totalAmount,jdbcType=BIGINT},
      used_count = #{record.usedCount,jdbcType=BIGINT},
      bind_count = #{record.bindCount,jdbcType=BIGINT},
      version = #{record.version,jdbcType=BIGINT},
      create_time = #{record.createTime,jdbcType=TIMESTAMP}
    <if test="_parameter != null">
      <include refid="Update_By_Example_Where_Clause" />
    </if>
  </update>
  <select id="selectByCouponId" parameterType="java.lang.Long" resultMap="BaseResultMap">
      select
      <include refid="Base_Column_List" />
      from t_inventory
      WHERE coupon_id = #{couponId}
  </select>
  <select id="selectByCouponIdList" parameterType="java.util.List" resultMap="BaseResultMap">
    select
    <include refid="Base_Column_List" />
    from t_inventory
    WHERE coupon_id IN
    <foreach collection="list" item="item" open="(" separator="," close=")">
        #{item}
    </foreach>
  </select>
</mapper>