<?xml version="1.0" encoding="UTF-8"?>
<!DOCTYPE mapper PUBLIC "-//mybatis.org//DTD Mapper 3.0//EN" "http://mybatis.org/dtd/mybatis-3-mapper.dtd">
<mapper namespace="com.edu.sky.promotion.po.dao.RestrictConditionMapper">
  <resultMap id="BaseResultMap" type="com.edu.sky.promotion.po.entity.RestrictCondition">
    <result column="id" jdbcType="BIGINT" property="id" />
    <result column="description" jdbcType="VARCHAR" property="description" />
    <result column="type" jdbcType="TINYINT" property="type" />
    <result column="restrict_value" jdbcType="INTEGER" property="restrictValue" />
    <result column="create_time" jdbcType="TIMESTAMP" property="createTime" />
    <result column="update_time" jdbcType="TIMESTAMP" property="updateTime" />
  </resultMap>
  <sql id="Example_Where_Clause">
    <where>
      <foreach collection="oredCriteria" item="criteria" separator="or">
        <if test="criteria.valid">
          <trim prefix="(" prefixOverrides="and" suffix=")">
            <foreach collection="criteria.criteria" item="criterion">
              <choose>
                <when test="criterion.noValue">
                  and ${criterion.condition}
                </when>
                <when test="criterion.singleValue">
                  and ${criterion.condition} #{criterion.value}
                </when>
                <when test="criterion.betweenValue">
                  and ${criterion.condition} #{criterion.value} and #{criterion.secondValue}
                </when>
                <when test="criterion.listValue">
                  and ${criterion.condition}
                  <foreach close=")" collection="criterion.value" item="listItem" open="(" separator=",">
                    #{listItem}
                  </foreach>
                </when>
              </choose>
            </foreach>
          </trim>
        </if>
      </foreach>
    </where>
  </sql>
  <sql id="Update_By_Example_Where_Clause">
    <where>
      <foreach collection="example.oredCriteria" item="criteria" separator="or">
        <if test="criteria.valid">
          <trim prefix="(" prefixOverrides="and" suffix=")">
            <foreach collection="criteria.criteria" item="criterion">
              <choose>
                <when test="criterion.noValue">
                  and ${criterion.condition}
                </when>
                <when test="criterion.singleValue">
                  and ${criterion.condition} #{criterion.value}
                </when>
                <when test="criterion.betweenValue">
                  and ${criterion.condition} #{criterion.value} and #{criterion.secondValue}
                </when>
                <when test="criterion.listValue">
                  and ${criterion.condition}
                  <foreach close=")" collection="criterion.value" item="listItem" open="(" separator=",">
                    #{listItem}
                  </foreach>
                </when>
              </choose>
            </foreach>
          </trim>
        </if>
      </foreach>
    </where>
  </sql>
  <sql id="Base_Column_List">
    id, description, `type`, restrict_value, create_time, update_time
  </sql>
  <select id="selectByExample" parameterType="com.edu.sky.promotion.po.example.RestrictConditionExample" resultMap="BaseResultMap">
    select
    <if test="distinct">
      distinct
    </if>
    <include refid="Base_Column_List" />
    from t_restrict_condition
    <if test="_parameter != null">
      <include refid="Example_Where_Clause" />
    </if>
    <if test="orderByClause != null">
      order by ${orderByClause}
    </if>
  </select>
  <delete id="deleteByExample" parameterType="com.edu.sky.promotion.po.example.RestrictConditionExample">
    delete from t_restrict_condition
    <if test="_parameter != null">
      <include refid="Example_Where_Clause" />
    </if>
  </delete>
  <insert id="insert" parameterType="com.edu.sky.promotion.po.entity.RestrictCondition">
    insert into t_restrict_condition (id, description, `type`,
      restrict_value, create_time, update_time
      )
    values (#{id,jdbcType=BIGINT}, #{description,jdbcType=VARCHAR}, #{type,jdbcType=TINYINT}, 
      #{restrictValue,jdbcType=INTEGER}, #{createTime,jdbcType=TIMESTAMP}, #{updateTime,jdbcType=TIMESTAMP}
      )
  </insert>
  <insert id="insertSelective" parameterType="com.edu.sky.promotion.po.entity.RestrictCondition">
    insert into t_restrict_condition
    <trim prefix="(" suffix=")" suffixOverrides=",">
      <if test="id != null">
        id,
      </if>
      <if test="description != null">
        description,
      </if>
      <if test="type != null">
        `type`,
      </if>
      <if test="restrictValue != null">
        restrict_value,
      </if>
      <if test="createTime != null">
        create_time,
      </if>
      <if test="updateTime != null">
        update_time,
      </if>
    </trim>
    <trim prefix="values (" suffix=")" suffixOverrides=",">
      <if test="id != null">
        #{id,jdbcType=BIGINT},
      </if>
      <if test="description != null">
        #{description,jdbcType=VARCHAR},
      </if>
      <if test="type != null">
        #{type,jdbcType=TINYINT},
      </if>
      <if test="restrictValue != null">
        #{restrictValue,jdbcType=INTEGER},
      </if>
      <if test="createTime != null">
        #{createTime,jdbcType=TIMESTAMP},
      </if>
      <if test="updateTime != null">
        #{updateTime,jdbcType=TIMESTAMP},
      </if>
    </trim>
  </insert>
  <select id="countByExample" parameterType="com.edu.sky.promotion.po.example.RestrictConditionExample" resultType="java.lang.Long">
    select count(*) from t_restrict_condition
    <if test="_parameter != null">
      <include refid="Example_Where_Clause" />
    </if>
  </select>
  <update id="updateByExampleSelective" parameterType="map">
    update t_restrict_condition
    <set>
      <if test="record.id != null">
        id = #{record.id,jdbcType=BIGINT},
      </if>
      <if test="record.description != null">
        description = #{record.description,jdbcType=VARCHAR},
      </if>
      <if test="record.type != null">
        `type` = #{record.type,jdbcType=TINYINT},
      </if>
      <if test="record.restrictValue != null">
        restrict_value = #{record.restrictValue,jdbcType=INTEGER},
      </if>
      <if test="record.createTime != null">
        create_time = #{record.createTime,jdbcType=TIMESTAMP},
      </if>
      <if test="record.updateTime != null">
        update_time = #{record.updateTime,jdbcType=TIMESTAMP},
      </if>
    </set>
    <if test="_parameter != null">
      <include refid="Update_By_Example_Where_Clause" />
    </if>
  </update>
  <update id="updateByExample" parameterType="map">
    update t_restrict_condition
    set id = #{record.id,jdbcType=BIGINT},
      description = #{record.description,jdbcType=VARCHAR},
      `type` = #{record.type,jdbcType=TINYINT},
      restrict_value = #{record.restrictValue,jdbcType=INTEGER},
      create_time = #{record.createTime,jdbcType=TIMESTAMP},
      update_time = #{record.updateTime,jdbcType=TIMESTAMP}
    <if test="_parameter != null">
      <include refid="Update_By_Example_Where_Clause" />
    </if>
  </update>
  <insert id="insertList" parameterType="java.util.List" >
      insert into t_restrict_condition (id, coupon_id, description,
              `type`, restrict_value, create_time, update_time)
      values
      <foreach collection="list" item="item" separator=",">
          (#{item.id,jdbcType=BIGINT}, #{item.couponId,jdbcType=BIGINT}, #{item.description,jdbcType=VARCHAR},
          #{item.type,jdbcType=TINYINT}, #{item.restrictValue,jdbcType=INTEGER},#{item.createTime,jdbcType=TIMESTAMP},
          #{item.updateTime,jdbcType=TIMESTAMP})
      </foreach>
  </insert>
</mapper>